<?xml version="1.0" ?>
<rdf:RDF xmlns:rdf="http://www.w3.org/1999/02/22-rdf-syntax-ns#" xmlns:gbConv="http://sbols.org/genBankConversion#" xmlns:sbol="http://sbols.org/v2#" xmlns:dcterms="http://purl.org/dc/terms/" xmlns:genbank="http://www.ncbi.nlm.nih.gov/genbank#" xmlns:prov="http://www.w3.org/ns/prov#" xmlns:om="http://www.ontology-of-units-of-measure.org/resource/om-2/">
  <sbol:ComponentDefinition rdf:about="trial/Exported">
    <sbol:persistentIdentity rdf:resource="trial/Exported"/>
    <sbol:displayId>Exported</sbol:displayId>
    <dcterms:description>natural linear DNA</dcterms:description>
    <genbank:locus>Exported</genbank:locus>
    <genbank:molecule>ds-DNA</genbank:molecule>
    <genbank:division>UNA</genbank:division>
    <genbank:date>28-JUL-2020</genbank:date>
    <genbank:keywords>.</genbank:keywords>
    <genbank:source>natural DNA sequence</genbank:source>
    <genbank:organism>unspecified</genbank:organism>
    <genbank:reference>
      <genbank:Reference rdf:about="trial/Exported/reference0">
        <genbank:label>1  (bases 1 to 29)</genbank:label>
        <genbank:authors>.</genbank:authors>
        <genbank:title>Direct Submission</genbank:title>
        <genbank:journal>Exported Jul 28, 2020 from SnapGene Server 2.0.9 http://www.snapgene.com</genbank:journal>
      </genbank:Reference>
    </genbank:reference>
    <sbol:type rdf:resource="http://www.biopax.org/release/biopax-level3.owl#DnaRegion"/>
    <sbol:type rdf:resource="http://identifiers.org/so/SO:0000987"/>
    <sbol:role rdf:resource="http://identifiers.org/so/SO:0002206"/>
    <sbol:sequenceAnnotation>
      <sbol:SequenceAnnotation rdf:about="trial/Exported/annotation0">
        <sbol:persistentIdentity rdf:resource="trial/Exported/annotation0"/>
        <sbol:displayId>annotation0</sbol:displayId>
        <dcterms:title>unspecified</dcterms:title>
        <gbConv:organism>unspecified</gbConv:organism>
        <gbConv:mol_type>genomic DNA</gbConv:mol_type>
        <sbol:role rdf:resource="http://identifiers.org/so/SO:0002206"/>
        <sbol:location>
          <sbol:Range rdf:about="trial/Exported/annotation0/range">
            <sbol:persistentIdentity rdf:resource="trial/Exported/annotation0/range"/>
            <sbol:displayId>range</sbol:displayId>
            <sbol:start>1</sbol:start>
            <sbol:end>29</sbol:end>
            <sbol:orientation rdf:resource="http://sbols.org/v2#inline"/>
          </sbol:Range>
        </sbol:location>
      </sbol:SequenceAnnotation>
    </sbol:sequenceAnnotation>
    <sbol:sequence rdf:resource="trial/Exported_seq"/>
  </sbol:ComponentDefinition>
  <sbol:Sequence rdf:about="trial/Exported_seq">
    <sbol:persistentIdentity rdf:resource="trial/Exported_seq"/>
    <sbol:displayId>Exported_seq</sbol:displayId>
    <sbol:elements>gtatattacggacgaaaaggacgaacaga</sbol:elements>
    <sbol:encoding rdf:resource="http://www.chem.qmul.ac.uk/iubmb/misc/naseq.html"/>
  </sbol:Sequence>
</rdf:RDF>
